{
    "Ar36": {
        "error": 0.00058852648060490204, 
        "fit": "parabolic", 
        "value": 0.057652412374106246
    }, 
    "Ar37": {
        "error": 0.014692984750904328, 
        "fit": "linear", 
        "value": 0.05945730442678944
    }, 
    "Ar38": {
        "error": 0.014908799154141086, 
        "fit": "linear", 
        "value": 2.4888861824283781
    }, 
    "Ar39": {
        "error": 0.046661008537042171, 
        "fit": "parabolic", 
        "value": 209.97396083312623
    }, 
    "Ar40": {
        "error": 0.11975382973876403, 
        "fit": "parabolic", 
        "value": 2895.8557115672897
    }, 
    "Ar41": {
        "error": 0.0068824089373058341, 
        "fit": "average", 
        "value": -0.003133970735434559
    }
}