{
    "Ar36": {
        "error": 0.0003108233943483013, 
        "fit": "linear", 
        "value": 0.0085817486518777446
    }, 
    "Ar37": {
        "error": 0.027207569130614812, 
        "fit": "linear", 
        "value": 5.064483621648745
    }, 
    "Ar38": {
        "error": 0.04430105794979923, 
        "fit": "linear", 
        "value": 24.588814596531613
    }, 
    "Ar39": {
        "error": 0.18851327334332954, 
        "fit": "linear", 
        "value": 1983.1029730749331
    }, 
    "Ar40": {
        "error": 0.11222654676480008, 
        "fit": "linear", 
        "value": 2096.6078110646649
    }, 
    "Ar41": {
        "error": 0.010531796017045462, 
        "fit": "average", 
        "value": 0.27822808191180232
    }
}