{
    "Ar36": {
        "error": 0.00029543482446021361, 
        "fit": "linear", 
        "value": 0.012706411075661615
    }, 
    "Ar37": {
        "error": 0.024633189961651304, 
        "fit": "linear", 
        "value": 4.5177247247505896
    }, 
    "Ar38": {
        "error": 0.048312432928346617, 
        "fit": "linear", 
        "value": 22.006773708920043
    }, 
    "Ar39": {
        "error": 0.16931655752432645, 
        "fit": "linear", 
        "value": 1758.844088987536
    }, 
    "Ar40": {
        "error": 0.099407787961888178, 
        "fit": "linear", 
        "value": 1864.8613494782503
    }, 
    "Ar41": {
        "error": 0.010225512936355719, 
        "fit": "average", 
        "value": 0.25907094672943154
    }
}