{
    "Ar36": {
        "error": 0.00084170135308928376, 
        "fit": "parabolic", 
        "value": 0.00065177544146988772
    }, 
    "Ar37": {
        "error": 0.13439054045104565, 
        "fit": "linear", 
        "value": 0.043867352545955085
    }, 
    "Ar38": {
        "error": 0.15053224721699274, 
        "fit": "linear", 
        "value": -0.087526323579907805
    }, 
    "Ar39": {
        "error": 0.055161266008465618, 
        "fit": "parabolic", 
        "value": 0.002120770773251103
    }, 
    "Ar40": {
        "error": 0.13046727966268715, 
        "fit": "parabolic", 
        "value": 0.17408266584193491
    }, 
    "Ar41": {
        "error": 0.12577448950767955, 
        "fit": "average_SEM", 
        "value": -0.29419488407671451
    }
}