{
    "AX": {
        "error": 0.8691702727033669, 
        "fit": "average", 
        "value": -1.2712121485729262
    }, 
    "CDD": {
        "error": 2.061372166987779e-05, 
        "fit": "average", 
        "value": 0.00024277500795303946
    }, 
    "H1": {
        "error": 0.01505800362911783, 
        "fit": "average", 
        "value": 0.04352203902995421
    }, 
    "H2": {
        "error": 0.013620473720484009, 
        "fit": "average", 
        "value": -0.04175580019234783
    }, 
    "L1": {
        "error": 0.013496527832054057, 
        "fit": "average", 
        "value": -0.14667910772841425
    }, 
    "L2": {
        "error": 0.01343613079616217, 
        "fit": "average", 
        "value": -0.01336370101198554
    }
}