{
    "AX": {
        "error": 0.7791145581446127, 
        "fit": "average", 
        "value": -1.314680245692014
    }, 
    "CDD": {
        "error": 1.8064128521812003e-05, 
        "fit": "average", 
        "value": 0.00015619091379145782
    }, 
    "H1": {
        "error": 0.012826002862261725, 
        "fit": "average", 
        "value": 0.05612745439090456
    }, 
    "H2": {
        "error": 0.013691351877505609, 
        "fit": "average", 
        "value": 0.2419613253325224
    }, 
    "L1": {
        "error": 0.023364252874050185, 
        "fit": "average", 
        "value": -0.21187608672512903
    }, 
    "L2": {
        "error": 0.01344036751161069, 
        "fit": "average", 
        "value": -0.028262372356322077
    }
}