{
    "AX": {
        "error": 0.056284413370745405, 
        "fit": "average_SEM", 
        "value": -0.00297760690858316
    }, 
    "CDD": {
        "error": 5.224469028900164e-05, 
        "fit": "average_SEM", 
        "value": 1.550873857922852e-05
    }, 
    "H1": {
        "error": 0.12041539457049094, 
        "fit": "average_SEM", 
        "value": 0.008651910270176207
    }, 
    "H2": {
        "error": 0.1276272704273142, 
        "fit": "average_SEM", 
        "value": -0.08153374211655723
    }, 
    "L1": {
        "error": 0.11690928863785217, 
        "fit": "average_SEM", 
        "value": -0.09422398666178601
    }, 
    "L2": {
        "error": 0.13889073101014773, 
        "fit": "average_SEM", 
        "value": -0.03279879107552309
    }
}