{
    "AX": {
        "error": 0.05153967349830383, 
        "fit": "average_SEM", 
        "value": -0.019886304412244094
    }, 
    "CDD": {
        "error": 6.907520448827721e-05, 
        "fit": "average_SEM", 
        "value": 1.8955125253544086e-05
    }, 
    "H1": {
        "error": 0.12519384264746355, 
        "fit": "average_SEM", 
        "value": 0.016240704458646685
    }, 
    "H2": {
        "error": 0.11543406932421463, 
        "fit": "average_SEM", 
        "value": -0.33104865385426413
    }, 
    "L1": {
        "error": 0.14946493124554175, 
        "fit": "average_SEM", 
        "value": -0.13879890457093197
    }, 
    "L2": {
        "error": 0.14135826497706902, 
        "fit": "average_SEM", 
        "value": -0.04572238729160745
    }
}