{
    "AX": {
        "error": 0.06205052442904052, 
        "fit": "average_SEM", 
        "value": -0.013576655697801875
    }, 
    "CDD": {
        "error": 5.2373371502394767e-05, 
        "fit": "average_SEM", 
        "value": 1.5546937356702982e-05
    }, 
    "H1": {
        "error": 0.13117400634690538, 
        "fit": "average_SEM", 
        "value": 0.0513436325783712
    }, 
    "H2": {
        "error": 0.12025040528950537, 
        "fit": "average_SEM", 
        "value": -0.06488630691698442
    }, 
    "L1": {
        "error": 0.14700157043890424, 
        "fit": "average_SEM", 
        "value": -0.07459976111292943
    }, 
    "L2": {
        "error": 0.13918176940378152, 
        "fit": "average_SEM", 
        "value": -0.004702225763402465
    }
}