{
    "AX": {
        "error": 0.052480091137385235, 
        "fit": "average_SEM", 
        "value": -0.01858136903691856
    }, 
    "CDD": {
        "error": 3.899813684068955e-05, 
        "fit": "average_SEM", 
        "value": 1.0364624904468655e-05
    }, 
    "H1": {
        "error": 0.13520003927571708, 
        "fit": "average_SEM", 
        "value": 0.04673659815970394
    }, 
    "H2": {
        "error": 0.13818163434606318, 
        "fit": "average_SEM", 
        "value": -0.04043924110010266
    }, 
    "L1": {
        "error": 0.13499784155277636, 
        "fit": "average_SEM", 
        "value": -0.08328846789534307
    }, 
    "L2": {
        "error": 0.13504343168713134, 
        "fit": "average_SEM", 
        "value": -0.007363945412604759
    }
}