{
    "AX": {
        "error": 0.03615646353732652, 
        "fit": "average_SEM", 
        "value": -0.032843787145490445
    }, 
    "CDD": {
        "error": 3.664448277202379e-05, 
        "fit": "average_SEM", 
        "value": 8.637187420390546e-06
    }, 
    "H1": {
        "error": 0.10202861790173051, 
        "fit": "average_SEM", 
        "value": 0.023676657441279128
    }, 
    "H2": {
        "error": 0.10461024149124577, 
        "fit": "average_SEM", 
        "value": -0.0592274480085406
    }, 
    "L1": {
        "error": 0.10022037660408327, 
        "fit": "average_SEM", 
        "value": -0.07971668372758561
    }, 
    "L2": {
        "error": 0.1092917215026236, 
        "fit": "average_SEM", 
        "value": 0.01159073541768723
    }
}