{
    "AX": {
        "error": 0.058726508649377035, 
        "fit": "average_SEM", 
        "value": -0.01762546991942347
    }, 
    "CDD": {
        "error": 7.231520505094499e-05, 
        "fit": "average_SEM", 
        "value": 3.713990590767935e-05
    }, 
    "H1": {
        "error": 0.1229722905228193, 
        "fit": "average_SEM", 
        "value": 0.05873558308101363
    }, 
    "H2": {
        "error": 0.1281791484332334, 
        "fit": "average_SEM", 
        "value": -0.3104289810942848
    }, 
    "L1": {
        "error": 0.13710908375545428, 
        "fit": "average_SEM", 
        "value": -0.08922151268990193
    }, 
    "L2": {
        "error": 0.13011164065548134, 
        "fit": "average_SEM", 
        "value": 0.00346962045716484
    }
}