{
    "AX": {
        "error": 0.05830411620359625, 
        "fit": "average_SEM", 
        "value": -0.01029791917729502
    }, 
    "CDD": {
        "error": 2.7985452274299806e-05, 
        "fit": "average_SEM", 
        "value": 5.182312452234328e-06
    }, 
    "H1": {
        "error": 0.12066282414063037, 
        "fit": "average_SEM", 
        "value": 0.060550140775255085
    }, 
    "H2": {
        "error": 0.12334103254526936, 
        "fit": "average_SEM", 
        "value": -0.30096022902418756
    }, 
    "L1": {
        "error": 0.152773339874851, 
        "fit": "average_SEM", 
        "value": -0.0864803897042293
    }, 
    "L2": {
        "error": 0.13708546513072595, 
        "fit": "average_SEM", 
        "value": 0.0072359992954362596
    }
}