{
    "AX": {
        "error": 0.05781443678898229, 
        "fit": "average_SEM", 
        "value": -0.007248195336433128
    }, 
    "CDD": {
        "error": 1.9958566305540816e-05, 
        "fit": "average_SEM", 
        "value": 2.591156226117164e-06
    }, 
    "H1": {
        "error": 0.11807116987028958, 
        "fit": "average_SEM", 
        "value": 0.05225406112666759
    }, 
    "H2": {
        "error": 0.12743085868483517, 
        "fit": "average_SEM", 
        "value": -0.28922708351165055
    }, 
    "L1": {
        "error": 0.16208716968200246, 
        "fit": "average_SEM", 
        "value": -0.07341277658738868
    }, 
    "L2": {
        "error": 0.14233676465355044, 
        "fit": "average_SEM", 
        "value": 0.016267217261095843
    }
}