{
    "Ar36": {
        "error": 0.00041934558578359243, 
        "fit": "linear", 
        "value": 0.024380609419964581
    }, 
    "Ar37": {
        "error": 0.026190795665872051, 
        "fit": "linear", 
        "value": 9.1246335942132344
    }, 
    "Ar38": {
        "error": 0.030136478442989577, 
        "fit": "linear", 
        "value": 25.365881893064273
    }, 
    "Ar39": {
        "error": 0.1955571447499386, 
        "fit": "linear", 
        "value": 2041.9880639701651
    }, 
    "Ar40": {
        "error": 0.1098504805389979, 
        "fit": "linear", 
        "value": 2176.5475078892496
    }, 
    "Ar41": {
        "error": 0.010577693939979382, 
        "fit": "average", 
        "value": 0.0092588548362255094
    }
}