{
    "Ar36": {
        "error": 0.00040673334163866083, 
        "fit": "linear", 
        "value": 0.016508478035878394
    }, 
    "Ar37": {
        "error": 0.0234692402525691, 
        "fit": "linear", 
        "value": 8.0877376860672339
    }, 
    "Ar38": {
        "error": 0.048606735848536795, 
        "fit": "linear", 
        "value": 35.826385067740617
    }, 
    "Ar39": {
        "error": 0.26221329347781114, 
        "fit": "linear", 
        "value": 2890.8590084548559
    }, 
    "Ar40": {
        "error": 0.14022584042163944, 
        "fit": "linear", 
        "value": 3069.8875246754255
    }, 
    "Ar41": {
        "error": 0.0097929376007417409, 
        "fit": "average", 
        "value": 0.29375850803529224
    }
}