{
    "Ar36": {
        "error": 0.00026826935678106115, 
        "fit": "linear", 
        "value": 0.0084416175712724757
    }, 
    "Ar37": {
        "error": 0.023147758331326564, 
        "fit": "linear", 
        "value": 3.3297308764868241
    }, 
    "Ar38": {
        "error": 0.041909247683599611, 
        "fit": "linear", 
        "value": 15.576584544435505
    }, 
    "Ar39": {
        "error": 0.14194905524548973, 
        "fit": "linear", 
        "value": 1262.4782196758078
    }, 
    "Ar40": {
        "error": 0.084955510637790027, 
        "fit": "linear", 
        "value": 1343.0701359953841
    }, 
    "Ar41": {
        "error": 0.011037841740958168, 
        "fit": "average", 
        "value": 0.23976681670174002
    }
}