{
    "Ar36": {
        "error": 0.00027720462403763734, 
        "fit": "linear", 
        "value": 0.0068890375659348274
    }, 
    "Ar37": {
        "error": 0.027844396170636009, 
        "fit": "linear", 
        "value": 5.1928687480551563
    }, 
    "Ar38": {
        "error": 0.028045038431077477, 
        "fit": "linear", 
        "value": 17.158680127428518
    }, 
    "Ar39": {
        "error": 0.14907558207789112, 
        "fit": "linear", 
        "value": 1392.2427980591126
    }, 
    "Ar40": {
        "error": 0.096402108226902081, 
        "fit": "linear", 
        "value": 1484.7519657619155
    }, 
    "Ar41": {
        "error": 0.0099032534858959961, 
        "fit": "average", 
        "value": 0.24427723291019598
    }
}