{
    "Ar36": {
        "error": 0.0003223116198714005, 
        "fit": "linear", 
        "value": 0.0086562261604676786
    }, 
    "Ar37": {
        "error": 0.025992440643593781, 
        "fit": "linear", 
        "value": 5.6889880494352454
    }, 
    "Ar38": {
        "error": 0.0268193198401869, 
        "fit": "linear", 
        "value": 18.898785188528873
    }, 
    "Ar39": {
        "error": 0.16615236491508428, 
        "fit": "linear", 
        "value": 1529.6642129041093
    }, 
    "Ar40": {
        "error": 0.10086730999138831, 
        "fit": "linear", 
        "value": 1631.5333538705795
    }, 
    "Ar41": {
        "error": 0.012261705781482177, 
        "fit": "average", 
        "value": -0.012135612634786715
    }
}