{
    "Ar36": {
        "error": 0.0010660587597632683, 
        "fit": "parabolic", 
        "value": 0.0036461630005746614
    }, 
    "Ar37": {
        "error": 0.13947083656445888, 
        "fit": "linear", 
        "value": 0.15034642058245595
    }, 
    "Ar38": {
        "error": 0.13104335956719648, 
        "fit": "linear", 
        "value": 4.7019388133106164
    }, 
    "Ar39": {
        "error": 0.19307318413219821, 
        "fit": "parabolic", 
        "value": 379.37614572737129
    }, 
    "Ar40": {
        "error": 0.30369916943819969, 
        "fit": "parabolic", 
        "value": 400.72636206520485
    }, 
    "Ar41": {
        "error": 0.13393306977249983, 
        "fit": "average_SEM", 
        "value": -0.059406829757305483
    }
}