{
    "Ar36": {
        "error": 0.00088064115039615109, 
        "fit": "parabolic", 
        "value": 0.0032660683977285879
    }, 
    "Ar37": {
        "error": 0.13414253345357571, 
        "fit": "linear", 
        "value": -0.052671552464922625
    }, 
    "Ar38": {
        "error": 0.1269280521885518, 
        "fit": "linear", 
        "value": 0.02068413257054796
    }, 
    "Ar39": {
        "error": 0.066623379573369459, 
        "fit": "parabolic", 
        "value": 12.119568481425073
    }, 
    "Ar40": {
        "error": 0.13646223541299984, 
        "fit": "parabolic", 
        "value": 13.753035910519344
    }, 
    "Ar41": {
        "error": 0.12995355997276153, 
        "fit": "average_SEM", 
        "value": -0.05786607526501434
    }
}