{
    "Ar36": {
        "error": 0.00093311399424969815, 
        "fit": "parabolic", 
        "value": 0.0027571428608596238
    }, 
    "Ar37": {
        "error": 0.13827942982606908, 
        "fit": "linear", 
        "value": 0.05253490489757312
    }, 
    "Ar38": {
        "error": 0.1355134756261181, 
        "fit": "linear", 
        "value": 0.41407658104996187
    }, 
    "Ar39": {
        "error": 0.079376053781056166, 
        "fit": "parabolic", 
        "value": 37.62681458700677
    }, 
    "Ar40": {
        "error": 0.14070503771637102, 
        "fit": "parabolic", 
        "value": 40.364649234614944
    }, 
    "Ar41": {
        "error": 0.13986172957911353, 
        "fit": "average_SEM", 
        "value": -0.031990442393968505
    }
}