{
    "Ar36": {
        "error": 0.00097938218196419024, 
        "fit": "parabolic", 
        "value": 0.003102564008691184
    }, 
    "Ar37": {
        "error": 0.14468125013334923, 
        "fit": "linear", 
        "value": 0.056667659642408212
    }, 
    "Ar38": {
        "error": 0.14336539480772803, 
        "fit": "linear", 
        "value": 1.4334951112151377
    }, 
    "Ar39": {
        "error": 0.12151898115298999, 
        "fit": "parabolic", 
        "value": 117.90117376290976
    }, 
    "Ar40": {
        "error": 0.18708834970263027, 
        "fit": "parabolic", 
        "value": 124.98839179842511
    }, 
    "Ar41": {
        "error": 0.1354667010037689, 
        "fit": "average_SEM", 
        "value": -0.043426728478193073
    }
}