{
    "Ar36": {
        "error": 0.001390926272048023, 
        "fit": "parabolic", 
        "value": 0.0072829142668997277
    }, 
    "Ar37": {
        "error": 0.12753982365625247, 
        "fit": "linear", 
        "value": 0.041593905774801723
    }, 
    "Ar38": {
        "error": 0.131627960544655, 
        "fit": "linear", 
        "value": 0.7497700242695271
    }, 
    "Ar39": {
        "error": 0.089561768904789452, 
        "fit": "parabolic", 
        "value": 66.294845247224046
    }, 
    "Ar40": {
        "error": 0.16144672721670675, 
        "fit": "parabolic", 
        "value": 71.130765331027334
    }, 
    "Ar41": {
        "error": 0.13087190615586108, 
        "fit": "average_SEM", 
        "value": -0.051261486665171108
    }
}