{
    "Ar36": {
        "error": 0.0011236380746965419, 
        "fit": "parabolic", 
        "value": 0.003764701067958389
    }, 
    "Ar37": {
        "error": 0.12911311681663748, 
        "fit": "linear", 
        "value": 0.17901510651633101
    }, 
    "Ar38": {
        "error": 0.14612913749707887, 
        "fit": "linear", 
        "value": 7.4273710927509402
    }, 
    "Ar39": {
        "error": 0.2386623205264711, 
        "fit": "parabolic", 
        "value": 599.3397414677238
    }, 
    "Ar40": {
        "error": 0.33099298921240777, 
        "fit": "parabolic", 
        "value": 634.2313319212036
    }, 
    "Ar41": {
        "error": 0.12713174675643013, 
        "fit": "average_SEM", 
        "value": -0.025720106750830179
    }
}