{
    "Ar36": {
        "error": 0.0010549440261119292, 
        "fit": "parabolic", 
        "value": 0.0029834806209446921
    }, 
    "Ar37": {
        "error": 0.13118918384448397, 
        "fit": "linear", 
        "value": 0.021175060247654552
    }, 
    "Ar38": {
        "error": 0.14506583921139413, 
        "fit": "linear", 
        "value": 0.60668829095465182
    }, 
    "Ar39": {
        "error": 0.083708293581344628, 
        "fit": "parabolic", 
        "value": 55.504322962304393
    }, 
    "Ar40": {
        "error": 0.15321868026509103, 
        "fit": "parabolic", 
        "value": 59.111603329711286
    }, 
    "Ar41": {
        "error": 0.12784571470285694, 
        "fit": "average_SEM", 
        "value": -0.06067942395088418
    }
}