{
    "Ar36": {
        "error": 0.00080391732685182416, 
        "fit": "parabolic", 
        "value": 0.0028862661262340421
    }, 
    "Ar37": {
        "error": 0.13554661463312312, 
        "fit": "linear", 
        "value": 0.069149234413923386
    }, 
    "Ar38": {
        "error": 0.13794411290583766, 
        "fit": "linear", 
        "value": 0.57569147326152748
    }, 
    "Ar39": {
        "error": 0.088849414015630082, 
        "fit": "parabolic", 
        "value": 51.050276953082289
    }, 
    "Ar40": {
        "error": 0.14061867990494165, 
        "fit": "parabolic", 
        "value": 54.658071579985432
    }, 
    "Ar41": {
        "error": 0.12703948917515209, 
        "fit": "average_SEM", 
        "value": -0.041067745585718914
    }
}