{
    "Ar36": {
        "error": 0.0010485099833854358, 
        "fit": "parabolic", 
        "value": 0.0056965924063748195
    }, 
    "Ar37": {
        "error": 0.13721488578723337, 
        "fit": "linear", 
        "value": 0.0094309654854637867
    }, 
    "Ar38": {
        "error": 0.13996549793127119, 
        "fit": "linear", 
        "value": 0.11145928805249383
    }, 
    "Ar39": {
        "error": 0.078154201498534429, 
        "fit": "parabolic", 
        "value": 18.227186026883547
    }, 
    "Ar40": {
        "error": 0.14987199900151557, 
        "fit": "parabolic", 
        "value": 19.976516016024085
    }, 
    "Ar41": {
        "error": 0.13575972047319051, 
        "fit": "average_SEM", 
        "value": -0.026411681623560272
    }
}