{
    "AX": {
        "error": 0.015390719684693362, 
        "fit": "average", 
        "value": -0.0051452185541468985
    }, 
    "CDD": {
        "error": 1.368745997223238e-05, 
        "fit": "average", 
        "value": 0.0001438823906937614
    }, 
    "H1": {
        "error": 0.01144612523605612, 
        "fit": "average", 
        "value": 0.09720610202154299
    }, 
    "H2": {
        "error": 0.011975604008777946, 
        "fit": "average", 
        "value": 0.21759194740540502
    }, 
    "L1": {
        "error": 0.021014798363969953, 
        "fit": "average", 
        "value": -0.21613729314946492
    }, 
    "L2": {
        "error": 0.010948308897624421, 
        "fit": "average", 
        "value": -0.005301751753237719
    }
}