{
    "Ar36": {
        "error": 0.0067019521962912313, 
        "fit": "parabolic", 
        "value": 9.8313874569629434
    }, 
    "Ar37": {
        "error": 0.013888259603366128, 
        "fit": "linear", 
        "value": 0.038843314014235762
    }, 
    "Ar38": {
        "error": 0.013766876391954327, 
        "fit": "linear", 
        "value": 1.7561395869487009
    }, 
    "Ar39": {
        "error": 0.019594489344435643, 
        "fit": "parabolic", 
        "value": -0.03393097550808976
    }, 
    "Ar40": {
        "error": 0.12591457244215989, 
        "fit": "parabolic", 
        "value": 3091.8753850839366
    }, 
    "Ar41": {
        "error": 0.0067793340895623737, 
        "fit": "average", 
        "value": 0.017033011881626408
    }
}