{
    "Ar36": {
        "error": 0.00081870845370178775, 
        "fit": "parabolic", 
        "value": 0.0010772716163967762
    }, 
    "Ar37": {
        "error": 0.13124813385340814, 
        "fit": "linear", 
        "value": 0.0068414936916291677
    }, 
    "Ar38": {
        "error": 0.14706371589398115, 
        "fit": "linear", 
        "value": -0.074244037083630227
    }, 
    "Ar39": {
        "error": 0.0054359686912830258, 
        "fit": "parabolic", 
        "value": 0.016718002563992421
    }, 
    "Ar40": {
        "error": 0.13736894516822495, 
        "fit": "parabolic", 
        "value": 0.28101577538197409
    }, 
    "Ar41": {
        "error": 0.12022639878081283, 
        "fit": "average_SEM", 
        "value": -0.069760765229714
    }
}