{
    "Ar36": {
        "error": 0.00088436007086813118, 
        "fit": "parabolic", 
        "value": 0.001179825606651929
    }, 
    "Ar37": {
        "error": 0.13008568153550576, 
        "fit": "linear", 
        "value": -0.026379173347750598
    }, 
    "Ar38": {
        "error": 0.1373363995528788, 
        "fit": "linear", 
        "value": -0.11393441399849175
    }, 
    "Ar39": {
        "error": 0.006352078672278872, 
        "fit": "parabolic", 
        "value": 0.007859263144542078
    }, 
    "Ar40": {
        "error": 0.1342570422159397, 
        "fit": "parabolic", 
        "value": 0.18616980084379908
    }, 
    "Ar41": {
        "error": 0.12967733256747555, 
        "fit": "average_SEM", 
        "value": -0.32633677340216105
    }
}