{
    "Ar36": {
        "error": 0.00020051527115906676, 
        "fit": "parabolic", 
        "value": 0.0039558005772900515
    }, 
    "Ar37": {
        "error": 0.014818600769252944, 
        "fit": "linear", 
        "value": 0.062467368575016405
    }, 
    "Ar38": {
        "error": 0.025037917166379091, 
        "fit": "linear", 
        "value": -0.19985056476874374
    }, 
    "Ar39": {
        "error": 0.018320168031868415, 
        "fit": "parabolic", 
        "value": 0.025080708521481025
    }, 
    "Ar40": {
        "error": 0.022327265181645278, 
        "fit": "parabolic", 
        "value": 1.0333394880987621
    }, 
    "Ar41": {
        "error": 0.0066760913697228421, 
        "fit": "average", 
        "value": 0.21941006633103824
    }
}