{
    "Ar36": {
        "error": 0.00084746034818193616, 
        "fit": "parabolic", 
        "value": 0.00081653572191432754
    }, 
    "Ar37": {
        "error": 0.13527730220751485, 
        "fit": "linear", 
        "value": -0.00013378325860980735
    }, 
    "Ar38": {
        "error": 0.12490096549241536, 
        "fit": "linear", 
        "value": -0.068097114999327996
    }, 
    "Ar39": {
        "error": 0.0080977966092152381, 
        "fit": "parabolic", 
        "value": 0.016814058861922686
    }, 
    "Ar40": {
        "error": 0.13243431219355872, 
        "fit": "parabolic", 
        "value": 0.22144347037827844
    }, 
    "Ar41": {
        "error": 0.12054201831487048, 
        "fit": "average_SEM", 
        "value": -0.033884601681751926
    }
}