{
    "Ar36": {
        "error": 0.00077037202521491031, 
        "fit": "parabolic", 
        "value": 0.00082584816647787935
    }, 
    "Ar37": {
        "error": 0.12765825971034908, 
        "fit": "linear", 
        "value": 0.013193029409240102
    }, 
    "Ar38": {
        "error": 0.13489520785731329, 
        "fit": "linear", 
        "value": -0.095645305610124576
    }, 
    "Ar39": {
        "error": 0.0065916141519292036, 
        "fit": "parabolic", 
        "value": 0.014189119490381747
    }, 
    "Ar40": {
        "error": 0.12950743784322694, 
        "fit": "parabolic", 
        "value": 0.13259991596999007
    }, 
    "Ar41": {
        "error": 0.13390141318429846, 
        "fit": "average_SEM", 
        "value": -0.03378104424555204
    }
}