{
    "Ar36": {
        "error": 0.00021676486773812819, 
        "fit": "parabolic", 
        "value": 0.0052745819628787398
    }, 
    "Ar37": {
        "error": 0.014059934925604516, 
        "fit": "linear", 
        "value": 0.040307080492604147
    }, 
    "Ar38": {
        "error": 0.013039029683750505, 
        "fit": "linear", 
        "value": -0.14917340921320177
    }, 
    "Ar39": {
        "error": 0.021769844748178207, 
        "fit": "parabolic", 
        "value": 0.023890542602577936
    }, 
    "Ar40": {
        "error": 0.022892136797885224, 
        "fit": "parabolic", 
        "value": 1.6054188514058407
    }, 
    "Ar41": {
        "error": 0.0069047714550984811, 
        "fit": "average", 
        "value": -0.047539245885927811
    }
}